index,prediction,label_string,latency_ms,timestamp
0,0,On-Time,1,1790461137.659737
1,1,Late,1,1790461137.6637232
2,0,On-Time,0,1790461137.667591
3,1,Late,0,1790461137.6718562
4,1,Late,0,1790461137.6757252
5,0,On-Time,0,1790461137.6797218
6,1,Late,0,1790461137.6835914
7,0,On-Time,0,1790461137.6879392
8,0,On-Time,1,1790461137.6937366
9,0,On-Time,0,1790461137.6977336
10,0,On-Time,0,1790461137.7018557
11,1,Late,0,1790461137.7057264
12,0,On-Time,0,1790461137.7097292
13,1,Late,0,1790461137.7138531
14,1,Late,0,1790461137.717734
15,1,Late,0,1790461137.7219613
16,0,On-Time,0,1790461137.7267234
17,0,On-Time,0,1790461137.7316136
18,1,Late,1,1790461137.7357173
19,0,On-Time,0,1790461137.7397065
20,0,On-Time,0,1790461137.743705
21,0,On-Time,0,1790461137.7475631
22,0,On-Time,0,1790461137.7517083
23,1,Late,0,1790461137.7557049
24,0,On-Time,0,1790461137.759705
25,1,Late,0,1790461137.7635605
26,1,Late,1,1790461137.767702
27,0,On-Time,0,1790461137.7717073
28,1,Late,0,1790461137.7757084
29,0,On-Time,0,1790461137.779574
30,0,On-Time,0,1790461137.7837183
31,0,On-Time,0,1790461137.7877257
32,1,Late,0,1790461137.7917209
33,0,On-Time,0,1790461137.7955797
34,0,On-Time,0,1790461137.7997272
35,0,On-Time,1,1790461137.8037212
36,0,On-Time,1,1790461137.8077273
37,0,On-Time,0,1790461137.811586
38,1,Late,0,1790461137.8157685
39,0,On-Time,0,1790461137.8197277
40,0,On-Time,0,1790461137.8237202
41,1,Late,0,1790461137.8275774
42,0,On-Time,0,1790461137.8317263
43,0,On-Time,0,1790461137.835967
44,0,On-Time,0,1790461137.839728
45,0,On-Time,0,1790461137.8435807
46,0,On-Time,0,1790461137.8477302
47,0,On-Time,0,1790461137.8517218
48,0,On-Time,0,1790461137.8559217
49,1,Late,0,1790461137.8595867
50,1,Late,0,1790461137.8637497
51,1,Late,0,1790461137.867729
52,1,Late,0,1790461137.871723
53,1,Late,0,1790461137.8755872
54,0,On-Time,1,1790461137.8797307
55,1,Late,1,1790461137.8839304
56,1,Late,0,1790461137.8877313
57,1,Late,0,1790461137.891578
58,1,Late,0,1790461137.895728
59,1,Late,0,1790461137.899723
60,1,Late,0,1790461137.9037313
61,1,Late,0,1790461137.90759
62,1,Late,0,1790461137.911732
63,1,Late,0,1790461137.9157321
64,1,Late,0,1790461137.9197333
65,1,Late,0,1790461137.9235897
66,0,On-Time,0,1790461137.9277198
67,0,On-Time,0,1790461137.9317324
68,0,On-Time,0,1790461137.935732
69,0,On-Time,0,1790461137.9395914
70,0,On-Time,0,1790461137.943729
71,0,On-Time,0,1790461137.9477246
72,0,On-Time,1,1790461137.9517205
73,0,On-Time,1,1790461137.955582
74,0,On-Time,0,1790461137.9599214
75,0,On-Time,0,1790461137.9637303
76,0,On-Time,0,1790461137.967923
77,0,On-Time,0,1790461137.9715896
78,0,On-Time,0,1790461137.9757245
79,0,On-Time,0,1790461137.9797297
80,1,Late,0,1790461137.9837325
81,0,On-Time,0,1790461137.9877768
82,1,Late,0,1790461137.9917355
83,1,Late,0,1790461137.9957285
84,0,On-Time,0,1790461137.99973
85,1,Late,0,1790461138.0035837
86,1,Late,0,1790461138.00773
87,1,Late,0,1790461138.0117302
88,1,Late,0,1790461138.0159185
89,1,Late,0,1790461138.0195928
90,1,Late,1,1790461138.0237346
91,1,Late,1,1790461138.0277312
92,1,Late,0,1790461138.0317261
93,1,Late,0,1790461138.0355926
94,1,Late,0,1790461138.0397315
95,1,Late,0,1790461138.0437357
96,1,Late,0,1790461138.0477316
97,1,Late,0,1790461138.0515895
98,1,Late,0,1790461138.0557323
99,1,Late,0,1790461138.059723
